epoch,batch_idx,loss,memory_cpu_mb,memory_gpu_mb
0,0,0.704930305480957,1081.86328125,1046.63623046875
0,1,0.7340032458305359,1082.23828125,1045.26123046875
0,2,0.6659764051437378,1090.23828125,1046.76123046875
0,3,0.6931675672531128,1090.23828125,1046.76123046875
0,4,0.692481279373169,1090.23828125,1046.76123046875
0,5,0.6771239042282104,1090.23828125,1046.76123046875
0,6,0.7037795186042786,1090.23828125,1046.76123046875
0,7,0.7102172374725342,1090.23828125,1046.76123046875
