epoch,batch_idx,memory_cpu_mb,memory_gpu_mb,loss
0,0,1346.94921875,1042.76806640625,0.693979024887085
0,1,1347.57421875,1042.181640625,0.6803433299064636
