epoch,batch_idx,memory_cpu_mb,loss
0,0,2667.68359375,0.6682760119438171
0,1,3082.26171875,0.8331449031829834
0,2,3622.28515625,0.7663252353668213
0,3,4162.35546875,0.6885578036308289
0,4,4552.62109375,0.6927247047424316
0,5,5143.72265625,0.6911671757698059
0,6,5617.6953125,0.7003445029258728
0,7,6097.78125,0.7127346992492676
