epoch,batch_idx,memory_cpu_mb,memory_gpu_mb,loss
0,0,1201.60546875,1059.76220703125,0.6908697485923767
0,1,1202.23046875,1062.76220703125,0.6301895976066589
0,2,1202.23046875,1062.76220703125,0.882146954536438
0,3,1202.35546875,1062.76220703125,0.7389777898788452
0,4,1202.35546875,1062.76220703125,0.7216397523880005
0,5,1202.48046875,1062.76220703125,0.6965256333351135
0,6,1206.54296875,1062.76220703125,0.6917808651924133
0,7,1206.54296875,1062.76220703125,0.7366565465927124
