epoch,batch_idx,memory_cpu_mb,memory_gpu_mb,loss
0,0,1166.4375,791.0185546875,0.6968650817871094
0,1,1167.0625,791.0185546875,0.7646165490150452
0,2,1167.1875,791.0185546875,0.7041984796524048
0,3,1167.3125,791.0185546875,0.6989344358444214
0,4,1167.3125,791.0185546875,0.6951330304145813
0,5,1167.3125,791.0185546875,0.7028281688690186
0,6,1171.41796875,791.0185546875,0.6811569333076477
0,7,1171.41796875,791.0185546875,0.7123631238937378
