epoch,batch_idx,memory_cpu_mb,memory_gpu_mb,loss
0,0,1350.38671875,1300.431640625,0.6937370300292969
0,1,1351.01171875,1300.61669921875,0.7003520131111145
