epoch,batch_idx,memory_cpu_mb,memory_gpu_mb,loss
0,0,1567.68359375,1044.59912109375,0.7049318552017212
0,1,1568.30859375,1044.63134765625,0.6864491105079651
