epoch,batch_idx,memory_cpu_mb,memory_gpu_mb,loss
0,0,1537.4453125,1044.59912109375,0.7008081078529358
0,1,1538.0703125,1044.63134765625,0.6687190532684326
