epoch,batch_idx,memory_cpu_mb,memory_gpu_mb,loss
0,0,1081.62890625,786.017578125,0.7072340250015259
0,1,1082.12890625,786.017578125,0.6804691553115845
0,2,1082.25390625,786.017578125,0.701362669467926
0,3,1082.25390625,786.017578125,0.6989333033561707
0,4,1082.25390625,786.017578125,0.7105763554573059
0,5,1082.25390625,786.017578125,0.7004917860031128
0,6,1082.50390625,786.017578125,0.7027040719985962
0,7,1082.50390625,786.017578125,0.7141525149345398
