epoch,batch_idx,loss,memory_cpu_mb,memory_gpu_mb
0,0,0.6864275336265564,1044.61328125,786.017578125
0,1,0.779276430606842,1044.98828125,786.017578125
0,2,0.6975926756858826,1044.98828125,786.017578125
0,3,0.6996811032295227,1045.23828125,786.017578125
0,4,0.6974167823791504,1045.23828125,786.017578125
0,5,0.6957566738128662,1045.23828125,786.017578125
0,6,0.6768271923065186,1045.23828125,786.017578125
0,7,0.7045239210128784,1045.23828125,786.017578125
