epoch,batch_idx,memory_cpu_mb,loss
0,0,2490.55078125,0.6909522414207458
0,1,3065.61328125,0.6880345344543457
0,2,3659.703125,0.6886734962463379
0,3,4188.12890625,0.6819000244140625
0,4,4707.23046875,0.6724899411201477
0,5,5163.23046875,0.7451515197753906
0,6,5673.234375,0.6944966316223145
0,7,6189.34375,0.6972046494483948
