batch_idx,memory_cpu_mb,memory_gpu_mb,batch_size,sample_output
0,1639.99609375,168.96533203125,16,' I'
1,1661.41015625,168.96533203125,16,''
2,2101.0390625,168.96533203125,16,''
3,2101.0390625,168.96533203125,16,' I'
4,2101.0390625,168.96533203125,16,''
5,2101.0390625,168.96533203125,16,'真'
6,2101.0390625,168.96533203125,16,""" I'm not."""
7,2101.0390625,168.96533203125,16,'真真真真真真真真真真真真真真真真真真真真真真真真真'
8,2101.0390625,168.96533203125,16,''
9,2101.0390625,168.96533203125,16,'誓'
10,2101.046875,168.96533203125,16,'哎呀'
11,2101.046875,168.96533203125,16,' I'
12,2101.046875,168.96533203125,16,''
13,2101.046875,168.96533203125,16,' I'
14,2101.046875,168.96533203125,16,''
15,2101.046875,168.96533203125,16,""" I'm not."""
