batch_idx,memory_cpu_mb,memory_gpu_mb,batch_size,sample_output
0,1690.66796875,168.12939453125,16,' I'
1,1714.5234375,168.12939453125,16,''
2,2241.7578125,168.12939453125,16,''
3,2241.7578125,168.12939453125,16,' I'
4,2241.7578125,168.12939453125,16,''
5,2241.7578125,168.12939453125,16,'真'
6,2241.7578125,168.12939453125,16,""" I'm not."""
7,2241.7578125,168.12939453125,16,'真真真真真真真真真真真真真真真真真真真真真真真真真'
8,2241.7578125,168.12939453125,16,''
9,2241.7578125,168.12939453125,16,'誓'
10,2241.7578125,168.12939453125,16,'哎呀'
11,2241.7578125,168.12939453125,16,' I'
12,2241.7578125,168.12939453125,16,''
13,2241.7578125,168.12939453125,16,' I'
14,2241.7578125,168.12939453125,16,''
15,2241.7578125,168.12939453125,16,""" I'm not."""
