batch_idx,memory_cpu_mb,batch_size,sample_output
0,1617.76171875,16,' I'
1,1791.59375,16,''
2,1794.8203125,16,''
3,1794.8203125,16,' I'
4,1806.24609375,16,''
5,1806.24609375,16,'真'
6,1806.24609375,16,""" I'm not."""
7,1806.24609375,16,'真真真真真真真真真真真真真真真真真真真真真真真真真'
8,1806.3359375,16,''
9,1806.3359375,16,'誓'
10,1806.3359375,16,'哎呀'
11,1806.3359375,16,' I'
12,1806.3359375,16,''
13,1806.3359375,16,' I'
14,1806.3359375,16,''
15,1806.3359375,16,""" I'm not."""
