batch_idx,memory_cpu_mb,memory_gpu_mb,batch_size,sample_output
0,1774.171875,182.78076171875,32,' I'
1,1804.671875,182.78076171875,32,''
2,2375.05859375,182.78076171875,32,''
3,2375.18359375,182.78076171875,32,""" I'm not."""
4,2375.18359375,182.78076171875,32,''
5,2375.18359375,182.78076171875,32,'哎呀'
6,2375.18359375,182.78076171875,32,''
7,2375.18359375,182.78076171875,32,''
