batch_idx,memory_cpu_mb,memory_gpu_mb,batch_size,sample_output
0,1704.15234375,184.31982421875,32,' I'
1,1738.12109375,184.31982421875,32,''
2,2219.71484375,184.31982421875,32,''
3,2219.84765625,184.31982421875,32,""" I'm not."""
4,2219.84765625,184.31982421875,32,''
5,2219.84765625,184.31982421875,32,'哎呀'
6,2219.84765625,184.31982421875,32,''
7,2219.84765625,184.31982421875,32,''
